Wi-Fi Market by Component (Hardware, Solution, and Services), Density (High-density Wi-Fi and Enterprise-class Wi-Fi), Location Type (Indoor and Outdoor), Organization Size, Vertical (Education, Retail and eCommerce), and Region - Global Forecast to 2026|March 2021|/Market-Reports/global-wi-fi-market-994.html|The global Wi-Fi market size is projected to grow from USD 9.4 billion in 2020 to USD 25.2 billion by 2026, at a Compound Annual Growth Rate (CAGR) of 17.8 % during the forecast period. Major vendors in the global Wi-Fi market include Cisco (US), Ericsson (Sweden), Extreme Networks (US), Huawei (China), Juniper Networks (US), Panasonic (Japan), Fortinet (US), NETGEAR (US), Aruba (US), Alcatel-Lucent Enterprise (France), D-Link (Taiwan), Broadcom (US), Airtel (India), Orange Business Services (France), Comcast Business (US), Vodafone (UK), Telstra (Australia), Fujitsu (Japan), AT&T (US), Lever Technology Group (UK), Redway Networks (Buckinghamshire), Ubiquiti Networks (US), iPass (US), Superloop (Australia), Cambium Networks (US), CASA Systems (US), Fon (Spain).
5G Services Market by End User (Consumers and Enterprises), Enterprise (Manufacturing, Media and Entertainment, Transportation and Logistics, Government), Application, Communication Type (eMBB, MMTC, URLLC, and FWA), and Region - Global Forecast to 2026|March 2021|/Market-Reports/5g-services-market-226908556.html|MarketsandMarkets forecasts the 5G services market to grow from USD 53.93 billion in 2020 to USD 123.27 billion by 2025, at a Compound Annual Growth Rate (CAGR) of 18% during the forecast period. The major factors expected to drive the 5G services market growth are the rising demand for reliable and ultra-low latency connectivity services and increasing use of connected IoT devices. The key players in the 5G services market include AT&T (US), Airtel (India), BT Group (UK), China Mobile (China), China Telecom (China),Deutsche Telecom (Germany), du (UAE), Korea Telecom (Korea), Sprint (US), Saudi Telecom Company (Saudi Arabia), SK Telecom (South Korea), Telstra (Australia), Vodafone (UK), and Verizon (US).
Enterprise Mobility Management Market by Component, Solution (Mobile Device Management, Mobile Application Management), Deployment Mode, Organization Size, Vertical (BFSI, Manufacturing), and Region - Global Forecast to 2026|March 2021|/Market-Reports/enterprise-mobility-management-market-31847012.html|The Enterprise Mobility Management Market is expected to grow from USD 16.6 billion in 2020 to USD 63.6 billion by 2026, at a CAGR of 25.1% during the forecast period. The major vendors offering EMM solutions are IBM (US), Microsoft(US), Cisco (US), BlackBerry (Canada), VMware(US), SAP (Germany), Citrix (US), Matrix42(Germany), MobileIron (US), Nationsky (China), Snow Software(Sweden), Sophos (UK), SOTI (Canada), Codeproof (US), Netplus Mobility (US), Hexnode (US), ManageEngine(US), Miradore (Finland), Quest Software (US), Ivanti(US), Scalefusion (India), 42Gears Mobility Systems(India), Social Mobile (US), AppTech (Switzerland), and Jamf (US).
5G Security Market by Component (Solutions (Next-Generation Firewall, Antivirus, DDOS Protection, DLP, Security Gateway) and Services), Network Component Security, Architecture, Deployment Type, End User, Vertical, and Region - Global Forecast to 2026|February 2021|/Market-Reports/5g-security-market-261636732.html|The 5G Security Market is expected to grow from USD 580 million in 2020 to USD 5,226 million by 2026, at a CAGR of 44.3% during the forecast period. Key and innovative vendors in the 5G security market include Check Point (US), Clavister (Sweden), Colt Technology (UK), ForgeRock (US), G+D Mobile Security (Germany), Mobileum (US), Positive Technologies (UK), Radware (Israel), and Riscure (The Netherlands).
Virtualized Evolved Packet Core (vEPC) Market by Component (Solutions and Services(Professional and Managed)),Deployment Model (Cloud, On-premises),Network Type(4G and 5G) End User(Telecom operators, Enterprises)and Region - Global Forecast to 2026|February 2021|/Market-Reports/virtualized-evolved-packet-core-market-45409339.html|The Virtualized Evolved Packet Core (vEPC) Market is expected to grow from USD 3.9 billion in 2020 to USD 13.7 billion by 2026, at a CAGR of 22.8% during the forecast period. Key and innovative vendors in the in-building wireless market include Nokia (Finland), Ericsson (Sweden), Cisco(US), Huawei (China), ZTE (China), Samsung (South Korea), Affirmed Networks(US), Mavenir(US), NEC(Japan), Athonet(Italy), Cumcore(Finland), Druid Software(Ireland), IPLook (China), Tech Mahindra (India), Parallel Wireless (US), Polaris Networks (US), Xingtera (US), Lemko (US), Tecore(US), and Telrad Networks (Israel).
A2P Messaging Market by Component (Platform and A2P Service), Application (Authentication, Promotional and Marketing, and CRM), Deployment Mode, SMS Traffic (National and Multi-Country), End User, and Region - Global Forecast to 2025|January 2021|/Market-Reports/premium-sms-44.html|The A2P Messaging Market is expected to grow from USD 62.1 billion in 2020 to USD 72.8 billion by 2025, at a CAGR of 3.2% during the forecast period. Major vendors in the A2P messaging market include AT&T(US) ,Sinch(Sweden), China Mobile (China), Infobip(UK), Orange (France), Route Mobile (India), Comviva (India), Twilio(US), BICS (Belgium), Monty Mobile (UK), Syniverse (US), Global Message Services (Switzerland), Tyntec(UK), Silverstreet (Singapore),Vonage (US), Genesys (US), TATA Communications(India),Cequens (Egypt),Mitto(Switzerland),ClearSky Technologies (US), Sify Technologies (India), MSG91 (India), Textlocal (UK), Clickatell (US), Kaleyra (Italy), MessageBird (The Netherlands).
5G Core Market by Component (Solutions and Services), Network Function (Access and Mobility Management Function, Policy Control Function, Unified Data Management), Deployment Model (Cloud and On-premises), End User, and Region - Global Forecast to 2025|January 2021|/Market-Reports/5g-core-market-136573849.html|The global 5G core market size is projected to reach USD 9,497 million by 2025, at a Compound Annual Growth Rate (CAGR) of 72.0% during the forecast period. Key and innovative vendors in the in-building wireless market include Nokia (Finland), Ericsson (Sweden), Huawei (China), ZTE (China), Samsung (South Korea), Affirmed Networks(US), Mavenir(US), NEC(Japan), Cisco(US), HPE(US), Oracle(US), Athonet(Italy), Casa Systems(US), Cumucore(Finland), Druid Software(Ireland), IPLOOK (China), and Metaswitch(UK).
Network Slicing Market by Component (Solution and Services (Professional and Managed)), End User (Telecom Operators and Enterprises), Application (Manufacturing, Government, Automotive, Media and Entertainment), and Region - Global Forecast to 2025|November 2020|/Market-Reports/network-slicing-market-120515704.html|The Network Slicing Market is expected to grow from USD 161 million in 2020 to USD 1,284 million by 2025, at a CAGR of 51.5% during the forecast period. Key and innovative vendors in the in-building wireless market include Nokia (Finland), Ericsson (Sweden), Huawei (China), ZTE(China), Samsung (South Korea), Blue Planet (US), Parallel Wireless (US), Affirmed Networks(US), Mavenir(US), Argela(Turkey), Cisco(US), HPE(US), Tambora Systems(Singapore), AMDOCS(US) and Aria Networks(UK)
Oilfield Communications Market by Component, Communication Network (VSAT Communication Network, Fiber Optic-based Communication Network, Microwave Communication Network), Field Site, Application, and Region - Global Forecast to 2025|November 2020|/Market-Reports/oilfield-communications-market-247995454.html|The oilfield communications market is projected to reach USD 4.5 billion by 2025, at a CAGR of 5.5% during the forecast period. Major vendors in the global oilfield communications market include Huawei (China), Siemens (Germany), Hitachi ABB Power Grids (Switzerland), Speedcast (Australia), Weatherford (US), Ceragon (US), RigNet (US), Hughes (US), Redline Communications (Canada), MR Control Systems (Canada), Tait Communications (New Zealand), Honeywell (US), Intel (US), GE Digital (US), PTC (US), Commtel (India), MoStar Communications (US), DAMM Cellular Systems (Denmark), BlueJeans (US), Nesh (US), Sensia (US), Ondaka (US), Sensalytx (UK), and WellAware (US).
Cellular M2M Market by Service (Connectivity, Professional, and Managed), Application (Asset Tracking and Monitoring, Predictive Maintenance, Telemedicine, and Fleet Management), End User, Organization Size, and Region - Global Forecast to 2025|November 2020|/Market-Reports/cellular-based-m2m-vas-market-228633446.html|The Cellular M2M Market is expected to grow from USD 8.3 billion in 2020 to USD 21.0 billion by 2025, at a CAGR of 20.4% during the forecast period. Key players operating in the cellular M2M market include AT&T (US), Verizon (US), T-Mobile (US), Deutsche Telekom (Germany), Orange S.A. (France), Telefonica (Spain), Vodafone (UK), Ericsson (Sweden), Kore Wireless (US), Aeris (US), Arm holdings (UK), China Mobile (China), Infineon (Germany), Thales Group (France), Orbocomm (US), Telit (UK), Giesecke+Devrient (Germany), Cubic Telecom (Ireland), KPN (Netherlands), A1 Digital (Austria), SK Telecom (South Korea), Rogers Communications (Canada), Telenor Connexion (Sweden), Truphone (UK), and 1oT (Estonia). These players have adopted various organic and inorganic strategies to grow in the global cellular M2M market.
In-building Wireless Market by Component (Infrastructure [DAS and small cell] and Services), Business Model (Service Providers, Enterprises, and Neutral Host Operators), Venue, End User, and Region  Global Forecast to 2025|September 2020|/Market-Reports/in-building-wireless-market-5365177.html|The In-building Wireless Market is expected to grow from USD 10.3 billion in 2020 to USD 18.0 billion by 2025, at a CAGR of 11.9% during the forecast period. Key and innovative vendors in the in-building wireless market include Nokia( Finland), Ericsson (Sweden), Huawei (China), ZTE(China), NEC(Japan), CommScope (US), Corning (US), Axell Wireless (UK), Comba Telecom (Hong Kong), Samsung (South Korea), SOLiD (South Korea), Dali Wireless (US), Zinwave (US), ADRF (US), ip.access (UK), Airspan (US), Contela (South Korea), Fujitsu (Japan), BTI Wireless (US), Bird (US), Accelleran (Belgium), Baicells Technologies (US), Qucell (South Korea), Casa Systems (US), CommAgility (UK), Galtronics (Canada), G-Wave Solutions (US), HUBER+SUHNER (Switzerland), JMA Wireless (US), Microlab (US), Nextivity (US), Sarcomm (Taiwan), PCTEL (US), Whoop Wireless (US), and Westell Technologies (US). These vendors have adopted many organic as well as inorganic growth strategies, such as new product launches, and partnerships and collaborations, to expand their offerings and market shares in the in-building wireless market.
Mobile Device Management Market by Component (Solutions and Services), Deployment (Cloud and On-Premises), Organization Size (Large Enterprises and SMEs), Operating System, Vertical (BFSI, Telecom, Healthcare), and Region - Global Forecast to 2025|August 2020|/Market-Reports/mobile-device-management-market-105562389.html|The Mobile Device Management Market is expected to grow from USD 4.3 billion in 2020 to USD 15.7 billion by 2025, at a CAGR of 29.6% during the forecast period. Major vendors of MDM include VMware(US), Microsoft(US), IBM (US), Blackberry(Canada), Citrix Systems(US), MobileIron (US), Ivanti(US), 42Gears Mobility Systems(India), Matrix42(Germany), ManageEngine(US), Snow Software(Sweden), Sophos (UK), SOTI (Canada), SAP (Germany), Google (US), Mitsogo (US), Baramundi Software AG (Germany), AppTech (Switzerland), Jamf (US), SolarWinds (US), Quest Software (US), Miradore (Finland), ProMobi Technologies (India), Cisco (US), Samsung (South Korea), Micro Focus (UK), 1Mobility (India), Kandji (US), Addigy (US), Codeproof Technologies (US), and Rippling (US).
Private LTE Market by Component (Infrastructure and Services), Technology (FDD and TDD), Deployment Model (Centralized and Distributed), Frequency Band (Licensed, Unlicensed, and Shared Spectrum), End User, and Region - Global Forecast to 2025|August 2020|/Market-Reports/private-lte-market-64117901.html|The Private LTE Market is expected to grow from USD 4.0 billion in 2020 to USD 7.5 billion by 2025, at a CAGR of 13.6% during the forecast period. Key and innovative vendors in the private LTE market include Nokia( Finland), Ericsson (Sweden), Huawei (China), ZTE(China), NEC(Japan), Affirmed Networks(US), Athonet (Italy) Samsung (South Korea), Redline communications(Canada), Airspan (US), Boingo Wireless (US), ASOCS (Israel), Casa Systems (US), Cisco (US), Comba (Hong Kong), CommScope (US), Druid Software (Ireland), ExteNet Systems (US), Fujitsu (Japan), Lemko (US), Mavenir(US), Quortus (UK), Star Solutions (Canada), Tecore (US), Telrad Networks (Israel), Wireless Excellence (UK), Accelleran (Belgium), Air-Lynx (France), Altiostar (US), Amarisoft (France), Baicells Technologies (US), Celona (US), IPLOOK (Hong Kong), JMA Wireless (US), Parallel Wireless (US), Phluido (US), NetNumber (US), JI Technology(Japan), Verizon (US), Sierra Wireless (Canada), Future Technologies (US), Ambra Solutions(Canada), URSYS (Australia), Geoverse (US), and Cradlepoint (US). These vendors have adopted many organic as well as inorganic growth strategies, such as new product launches, and partnerships and collaborations, to expand their offerings and market shares in the private LTE market.
Small Cell 5G Network Market by Component (Solutions and Services), Radio Technology (5G NR (Standalone and Non-standalone)), Cell Type (Picocells, Femtocells, and Microcells), Deployment Mode, End User, and Region - Global Forecast to 2025|August 2020|/Market-Reports/small-cell-market-216204568.html|The small cell 5G network market size is expected to grow USD 2,413 million by 2025, at a Compound Annual Growth Rate (CAGR) of 31.0% during the forecast period. Key players and innovating vendors in the global small cell 5G network market include Ericsson (Sweden), Huawei (China), ZTE (China), Cisco (US), NEC (Japan), Nokia (Finland), CommScope (US), Airspan Networks (US), ip.access (UK), Corning (US), Fujitsu (Japan), Samsung (South Korea), Comba Telecom (Hong Kong), Contela (South Korea), Baicells Technologies (US), Acceleran (Belgium), Accuver (US), Casa Systems (US), CommAgility (England), Radisys (US), Altiostar (US), Siradel (France), Qualcomm (US), Octasic (Canada), PC-TEL (US), and Microsemi (US).
Telecom Service Assurance Market by Solution (Products (Performance Management, Intelligent Assurance and Analytics) and Services), Operator Type (Mobile and Fixed), Deployment Type, Organization Size, and Region - Global Forecast to 2025|June 2020|/Market-Reports/telecom-service-assurance-market-202411888.html|The global Telecom Service Assurance (TSA) market size is expected to grow USD 9.4 billion by 2025, at a Compound Annual Growth Rate (CAGR) of 9.2% during the forecast period. Key and emerging market players include Broadcom (CA Technologies) (US), Ericsson (Sweden), NEC Corporation (Japan), Amdocs (US), NETSCOUT (US), HPE (US), Nokia (Finland), Accenture (Ireland), Comarch S.A. ( Poland), Huawei (China), IBM (US), Spirent (UK), TEOCO (US), MYCOM OSI (UK), EXFO (US), Intracom Telecom (Greece), RADCOM (Israel), Anritsu (Japan), VMware (US), Centina (US), Infovista (US), Arris International Limited (US), Enghouse Networks (Canada) and VIAVI (US), Cisco (US), Comviva (India), Mobileum ( US), and SysMech (Kent).
Rich Communication Services (RCS) Market by Application (Advertising Campaign, Content Delivery, and Integrated Solutions), End-User (Consumers and Enterprises), Enterprise Size, Enterprise Vertical, and Region - Global Forecast to 2025|June 2020|/Market-Reports/rich-communication-services-market-4839266.html|The global Rich Communication Services (RCS) market size is expected to grow USD 11.7 billion by 2025, at a CAGR of 17.6% during the forecasting period. Major vendors covered in the RCS market include AT&T (US), Vodafone (Uk), Deutsche Telekom (Germany), Google (US), Verizon (US), Telefonica (Spain), Orange Business (US), China Mobile (China), KDDI (Japan), Slovak Telekom (Slovakia), Telit (UK), SK Telecom (South Korea), Telstra (Australia), LG U+ (South Korea), Celcom (Malaysia), Freedom Mobile (Canada), Rogers (Canada), T-Mobile (US), O2 (UK), Telia Company (Sweden), Magyar Telekom (Hungary), Claro (Brazil), Swisscom (Switzerland), and Reliance Jio (India).
LMS Market by Component (Solution and Services), Delivery Mode (Distance Learning, Instructor-Led Training and Blended Learning), Deployment Type, User Type (Academic and Corporate), and Region - Global Forecast to 2025|June 2020|/Market-Reports/learning-management-systems-market-1266.html|The global LMS market size is expected to grow USD 25.7 billion by 2025, at a Compound Annual Growth Rate (CAGR) of 14.0% during the forecast period. Key players in the global LMS market include Cornerstone OnDemand (US), Blackboard (US), D2L Corporation (Canada), Adobe Systems US), CrossKnowledge (US), Oracle (US),SAP SE (Germany), Docebo (Canada), PowerSchool (US), IBM (US), Epignosis (US) , Pearson PLC (UK), McGraw Hill (US), SumTotal Systems LLC (US), Absorb Software LLC (Canada), iSpring Solutions, Inc. (US), G-Cube (India), Latitude CG, LLC (US), UpsideLMS (India), Paradiso (US).
SMS Firewall Market by Component (SMS Firewall Platform and Services (Professional and Managed)), SMS Type (A2P and P2A Messages), SMS Traffic (National and International), Deployment Mode (On-premises and Cloud), and Region - Global Forecast to 2025|June 2020|/Market-Reports/sms-firewall-market-19536392.html|The Short Message Service (SMS) firewall market size is expected to grow USD 3.0 billion by 2025, at a Compound Annual Growth Rate (CAGR) of 7.0% during the forecast period. Major vendors of SMS firewall include Comviva (India), Mobileum (US), AdaptiveMobile Security (Ireland), BICS (Belgium), Monty Mobile (UK), ANAM Technologies (Ireland), Infobip Ltd (UK), Route Mobile Limited (India), Proofpoint, Inc (US), Sinch (Sweden), TeleOSS (India), NetNumber Inc (US), Enghouse Networks (Canada), Global Wavenet (Singapore), HAUD (Malta), Tango Telecom Limited (Ireland), Eastwind (Russia), SAP SE (Germany), Tata Communications (India), AMD Telecom S.A. (Greece), Omobio (Sri Lanka), Syniverse Technologies LLC (US), Mavenir (US), Cellusys (Ireland), BroadNet Technologies (Lebanon), Mylinex International (Pvt) Ltd (Sri Lanka), TWILIO INC (US), NewNet (US), Openmind Networks (Ireland), Mitto (Switzerland), Tanla (India), and 6d Technologies (India).
Managed Network Services Market by Type ( Managed LAN, Managed Wi-Fi, Managed WAN, Managed Network Security, Managed VPN, and Network Monitoring), Organization Size (Large Enterprises and SMES), Vertical, and Region - Global Forecast to 2025|May 2020|/Market-Reports/managed-network-services-market-901.html|MarketsandMarkets projects the managed network services market is expected to grow USD 71.6 billion by 2025, at a Compound Annual Growth Rate (CAGR) of 6.3% during the forecast period. Key and emerging market players include IBM (US), Fujitsu (Japan), Cisco (US), Ericsson (Sweden), Verizon (US), Comarch SA (Poland), Huawei (China), BT Group (UK), AT&T (US), T-systems (Germany), Orange Business Services (France), DXC Technology (US), NTT (Japan), CenturyLink (US), Global Cloud Xchange (UK), TATA Communications (India), Colt (UK), Sify (India), Telstra (Australia), Sprint (US), GTT (US), and Brennan IT (Australia).
Revenue Assurance Market by Component (Software and Services), End-User (TSPs, and Enterprises), Deployment Mode (Cloud and On-premises), Vertical (Telecom, Utilities, BFSI, Hospitality, and Others), and Region - Global Forecast to 2025|April 2020|/Market-Reports/revenue-assurance-market-93599016.html|The revenue assurance market size is Expected to grow USD 782 million by 2025, at a Compound Annual Growth Rate (CAGR) of 8.9% during the forecast period. Major vendors of revenue assurance include Amdocs (US), Araxxe Inc. (US), Adapt IT (South Africa), Cartesian (US), Digital Route (Sweden), eClerx (India), HPE (US) Itron (US), Nokia (Finland), Profit Insight (US), Sagacity Solutions (UK), Sandvine (Canada), Sigos (Germany), Subex (India), Synthesis Systems (US), TCS (India), Teoco (US), Transunion, (US), and WeDo (Portugal), and Xintec (Ireland).
Gamification Market by Component (Solution and Services), Deployment (Cloud and On-premises), Organization Size (SMEs and Large Enterprises), Application, End-User (Enterprise-Driven and Consumer-Driven), Vertical, and Region - Global Forecast to 2025|March 2020|/Market-Reports/gamification-market-991.html|The gamification market size is projected to grow USD 30.7 billion by 2025, at a Compound Annual Growth Rate (CAGR) of 27.4% during the forecast period. Major vendors of include Microsoft (US), SAP (Germany), BI WORLDWIDE (US), Verint (US) Aon (UK), Hoopla (US), Centrical (US), Mambo.IO (UK), MPS Interactive Systems (India), Influitive (Canada), LevelEleven (US), Ambition (US), Axonify Inc. (Canada), Gamifier (Latin America), IActionable (US), Khoros (US), Scrimmage (US), Xoxoday (India), Tango Card (US), and NIIT (US).
Unified Communications as a Service Market by Component (Telephony, Unified Messaging, Conferencing, and Collaboration Platforms and Applications), Organization Size (SMEs and Large Enterprises), Vertical, and Region - Global Forecast to 2024|March 2020|/Market-Reports/unified-communication-as-a-service-ucaas-market-893.html|MarketsandMarkets estimates the global Unified Communications as a Service (UCaaS) market size is expected to grow USD 24.8 billion by 2024, at a Compound Annual Growth Rate (CAGR) of 9.5% during the forecast period. The UCaaS market comprises major solution providers, such as RingCentral (US), 8x8 (US), LogMeIn (US), Mitel (US), Cisco (US), Vonage (US), Fuze, Inc. (US), Microsoft (US), Google (US), Verizon (US), BT (UK), Orange S.A. (France), DialPad (US), StarBlue (Ireland), Windstream (US), Alcatel-Lucent Enterprise (France), Intrado Corporation (US), NTT Communications Corporation (US), Masergy (US), and Revation Systems (US). The study includes the in-depth competitive analysis of these key players in the UCaaS market with their company profiles, recent developments, and key market strategies.
Telecom Billing and Revenue Management Market by Solution (Software (Mediation, Billing and Charging, Revenue Assurance, and Fraud Management) and Services), Deployment Type, Telecom Operator Type, and Region - Global Forecast to 2024|February 2020|/Market-Reports/telecom-billing-revenue-management-market-148187276.html|MarketsandMarkets projects the telecom billing and revenue management market is expected to grow USD 18.0 billion by 2024, at a Compound Annual Growth Rate (CAGR) of 10.8% during the forecast period. Key and emerging market players include Amdocs (US), Netcracker (NEC Corporation [Japan]), CSG International (US), Oracle (US), Ericsson (Sweden), Huawei (China), Cerillion (UK), Mahindra Comviva (India), Optiva (Canada), Comarch S.A. (Poland), Nokia (Finland), SAP (Germany), HPE (US), Openet (Ireland), TEOCO (US), Intracom Telecom (Greece), Enghouse Networks (Canada), Nexign (Russia), Bearing Point (Netherlands), FTS (Israel), Subex (India), Sterlite Technologies (India), Tecnotree (Finland), Zuora (US), and Apttus (US).
Mobile Money Market by Transaction mode (Point of Sale, Mobile Apps, QR codes, Internet Payments, SMS, STK/USSD Payments, Direct Carrier Billing, Mobile Banking), Nature of Payment, Application, Type of Payments, Region - Global Forecast to 2024|January 2020|/Market-Reports/mobile-remittance-money-mcommerce-market-577.html|The global mobile money market size is expected to grow USD 12.0 billion by 2024, at a Compound Annual Growth Rate (CAGR) of 28.7% during the forecast period. Key and emerging market players in mobile money market include Vodafone (UK), Google (US), Orange (France), FIS (US), Paypal (US), Mastercard (US), Fiserve (US), Airtel (India), Gemalto (Netherlands), Alipay (China), MTN (South Africa), PAYTM (India) Samsung (South Korea), VISA (US), Tencent (China), Global Payments (US), Square (US), Amazon (US), Apple (US), Western Union Holdings (US), Comviva (India), and T- Mobile (US). These players have adopted various strategies to grow in the mobile money market.
Mobile Marketing Market by Component (Platform and Services), Channel, Organization Size (SMES and Large Enterprises), Vertical (Retail and Ecommerce, Travel and Logistics, Automotive, and Telecom and IT), and Region - Global Forecast to 2024|January 2020|/Market-Reports/mobile-marketing-market-246836146.html|The Mobile Marketing Market is expected to grow from USD 10.5 billion in 2019 to USD 25.0 billion by 2024, at a CAGR of 18.9% during the forecast period. Major vendors covered in the mobile marketing market include Airship (US), Swrve Inc. (US), Vibes (US), Braze, Inc. (US), Adobe (US), Acoustic, L.P. (US), Localytics (US), Oracle (US), Salesforce (US), SAP (Germany), Marketo (US), Pyze Inc. (US), FollowAnalytics (US), Xtremepush (UK), IMI Mobile Private Limited (UK), MoEngage (UK Punchh (US), Sailthru (US), Leanplum (US), and Netcore Solutions (India).
Over-The-Top Services Market by Type (Online Gaming, Music Streaming, VoD and Communication), Monetization Model (Subscription-based, Advertising-based, and Transaction-based), Streaming Device, Vertical, and Region - Global Forecast to 2024|January 2020|/Market-Reports/over-the-top-ott-market-41276741.html|The Over-the-Top Services (OTT) Market is expected to grow from USD 81.6 billion in 2019 to USD 156.9 billion by 2024, at a CAGR of 14.0% during the forecast period. Key market players profiled in the OTT services market report are Facebook (US), Netflix (US), Amazon (US), Microsoft (US), Google (US), YouTube (US), Apple (US), Home Box Office (US), Roku (US), IndieFlix (US), Vudu (US), Hulu (US), Tencent (China), Rakuten (Japan), Kakao (South Korea), and Line (Japan).
Push to Talk Market by Component (Hardware, Solutions, and Services), Network type (LMR and Cellular), Organization Size (SMEs and Large Enterprises), Vertical (Public Safety, Government and Defense, Commercial), and Region - Global Forecast to 2024|January 2020|/Market-Reports/push-to-talk-market-113448870.html|MarketsandMarkets forecasts the global Push to Talk (PTT) market size is expected to grow USD 38.4 billion by 2024, at a Compound Annual Growth Rate (CAGR) of 9.0% during the forecast period. Key and emerging market players in US include AINA Wireless (US), AT&T (US), ESChat (US), Iridium (US), Motorola Solutions (US), Orion (US), Qualcomm (US), Sprint (US), Verizon Wireless (US), VoiceLayer (US), Voxer (US), Zebra (US), Zello (US), and Zinc by ServiceMax (US). These players have adopted various strategies to grow in the PTT market.
Virtual Mobile Infrastructure Market by Component (Platforms and Services), Deployment Type (Cloud and On-premises), Vertical (BFSI, Healthcare, Manufacturing, and Government), and Region (North America, Europe, APAC, and RoW) - Global Forecast to 2024|July 2019|/Market-Reports/virtual-mobile-infrastructure-market-143903016.html|The Virtual Mobile Infrastructure (VMI) market is expected to grow USD 173 million by 2024, at a Compound Annual Growth Rate (CAGR) of 8.9% during the forecast period. Major vendors in the VMI market include Trend Micro (Japan), Avast Software (Czech Republic), Sierraware (US), Nubo (US), Intelligent Waves (US), Pulse Secure (US), Raytheon (US), Prescient Solutions (US), Fortinet (US), and Genymobile (France).
Optical Wavelength Services Market by Bandwidth (Less than 10 Gbps, 40 Gbps, 100 Gbps, and More than 100 Gbps), Application (SONET, Ethernet, and OTN), Interface (Short Haul, Metro, and Long Haul), Organization Size, and Region - Global Forecast to 2023|April 2019|/Market-Reports/optical-wavelength-services-market-81649158.html|MarketsandMarkets forecasts the global Optical Wavelength Services (OWS) market size to grow from USD 3.3 billion in 2018 to USD 4.9 billion by 2023, at a Compound Annual Growth Rate (CAGR) of 8.5% during the forecast period. The advent of Internet of Things (IoT) and growing automation trends have exponentially increased data traffic thereby creating heavily-increased bandwidth requirements for large enterprises and Small and Medium-sized Enterprises (SMEs). Further increasing demand for high-speed internet and fiber optics communication has become the backbone thereby increasing the demand for OWS. Advancements in technology with regards to communication standards are expected to create opportunities for OWS vendors. In the OWS market, the key and emerging market players include Zayo Group (US), Nokia (Finland), Verizon (US), GTT (US), CenturyLink (Louisiana), AT&T (US), Sprint (US), Comcast (US), Colt Technology Solution (UK), Crown Castle (US), Windstream Enterprises (US), Charter Communications (US), Cox Communications (US), Jaguar Network (France), and CarrierBid (US).
5G IoT Market by Connection, Radio Technology (5G NR Standalone and 5G NR Non-Standalone Architecture), Range (Short- and Wide-Range IoT Devices), Vertical (Manufacturing, Energy & Utilities, Healthcare, Government), and Region - Global Forecast to 2025|April 2019|/Market-Reports/5g-iot-market-164027845.html|MarketsandMarkets forecasts the global 5G IoT market size to grow from USD 0.7 billion in 2020 to USD 6.3 billion by 2025, at a Compound Annual Growth Rate (CAGR) of 55.4% during the forecast period. IoT has been radically changing consumer and business landscape over the past few decades. The number of connected devices is expected to reach around 22 to 25 billion by 2025 ranging from consumer wearable devices and industrial devices to connected cars. The diverse set of connected devices from a range of industry verticals needs a unique communication infrastructure. In addition, these connected devices require low power, faster connectivity, and higher security. Today, several connectivity technologies are available in the market, such as non-cellular, non-carrier, cellular IoT, and satellite network. Bluetooth, Zigbee, Long Range (LoRa), Sigfox, LLow-power Wide Area Network (LPWAN), Radio-frequency Identification (RFID), Bluetooth Low Energy (BLE), Wireless Local Area Network (WLAN), and Long-Term Evolution (LTE) (Category M1 (Cat-M1) and Narrowband-IoT (NB-IoT)) are some of the key options available in the market for IoT connectivity. Enterprises are leveraging these communication techniques as per the demand and requirement of the IoT network.
LTE IoT Market by Technology (NB-IoT and LTE-M), Service (Professional Services and Managed Services), Industry (Manufacturing, Energy and Utilities, Transportation and Logistics, Healthcare, and Agriculture), and Region - Global Forecast to 2023|February 2019|/Market-Reports/lte-iot-market-219994648.html|The global Long-Term Evolution (LTE) Internet of Things (IoT) market size is expected to grow from USD 800 million in 2018 to USD 2800 million by 2023, at a Compound Annual Growth Rate (CAGR) of 28.4% during the forecast period. The major growth factors for the market include the growth of connected devices and the need for unique and defined network qualities. Major vendors in the LTE IoT market include Ericsson (Sweden), Vodafone (UK), Telstra (Australia), Sierra Wireless (Canada), PureSoftware (India), Sequans Communications (France), Orange (France), T-Mobile (US), Telus (US), MediaTek (Sweden), Athonet (Italy), NetNumber (US), Telensa (UK), Actility (France), and Link Labs (US).
Digital Business Support System Market by Component (Solutions (Revenue and Billing, Customer, Order, and Product Management) and Services), Deployment Model (Public, Private, and Hybrid Cloud), End-User Type, and Region - Global Forecast to 2023|December 2018|/Market-Reports/digital-bss-market-117932243.html|The global digital Business Support System (BSS) market size is expected to grow from USD 2.8 billion in 2018 to USD 5.8 billion by 2023, at a Compound Annual Growth Rate (CAGR) of 15.2% during the forecast period. The advent of tailored BSS solutions and new commercial models, reduced operational costs, and the increasing online transactions and the use of multiple mobile devices are the major factors driving the growth of the digital BSS market. Major vendors in the global digital BSS market include Amdocs (US), Huawei (China), Ericsson (Sweden), NetCracker (US), CSG International (US), Nokia (Finland), IBM (US), Capgemini (France), ZTE Corporation (China), Optiva (Canada), Openet (UK), Sigma Systems (Canada), Cerillion (UK), Sterlite Tech (India), Accenture (Ireland), Comarch (Poland), Infosys (India), Oracle (US), Mahindra Comviva (India), Qvantel (Finland), BearingPoint (Finland), FTS (Israel), MATRIXX Software (US), MIND CTI (Israel), and TCS (India).
SIP Trunking Services Market by Organization Size (Small Businesses, Mid-sized Businesses, and Enterprises), End-user (Wholesale and Verticals (BFSI, Healthcare, Government, High-Tech, Retail, and Education)), and Region - Global Forecast to 2023|September 2018|/Market-Reports/sip-trunking-services-market-84754280.html|MarketsandMarkets forecasts the global Session Initiation Protocol (SIP) Trunking services market size to grow from USD 7.63 billion in 2018 to USD 12.70 billion by 2023, at a Compound Annual Growth Rate (CAGR) of 10.7% between 2018 and 2023. Major growth factors for the market include low Capital Expenditure (CAPEX) and Total Cost of Ownership (TCO), and an increasing adoption of cloud and Unified Communications (UC). Key players in the global SIP Trunking services market include AT&T (US), 8x8 (US), Bandwidth (US), BT Group (UK), CenturyLink (US), Colt (UK), Fusion (US), GTT Communications (US), IntelePeer (US), Mitel (Canada), Net2Phone (US), Nextiva (US), Orange (France), Rogers Communications (Canada), Sprint (US), Tata Communications (India), Telstra (Australia), Twilio (US), Verizon (US), Vodafone (UK), Vonage (US), Voyant Communications (US), West Corporation (US), and Windstream (US).
IP Multimedia Subsystem (IMS) Market by Component (Product and Service (Professional and Managed Service)), Telecom Operator (Mobile and Fixed Operators), and Region (North America, Europe, APAC, MEA, and Latin America) - Global Forecast to 2023|August 2018|/Market-Reports/ip-multimedia-subsystem-market-150935251.html|MarketsandMarkets expects the IP Multimedia Subsystem (IMS) market size to grow from USD 1.79 billion in 2018 to USD 3.71 billion by 2023, at a Compound Annual Growth Rate (CAGR) of 15.7% during the forecast period. Low Capital Expenditure (CAPEX) and Operational Expenditure (OPEX), increasing number of Long-Term Evolution (LTE) mobile subscribers across the globe, and the growth of the network infrastructure are expected to drive the market growth. The key and emerging vendors in the IMS market include Ericsson (Sweden), Huawei (China), NEC (Japan), Nokia (Finland), ZTE (China), Athonet (Italy), Cirpack (France), Cisco (US), CommVerge Solutions (China), Dialogic (US), Interop Technologies (US), Italtel (Italy), Metaswitch (UK), Mavenir (US), Oracle (US), Radisys (US), Ribbon Communications (US), Samsung (South Korea), and WIT Software (Portugal).
Intelligent Network Market by Application (Information Cognition, Traffic Prediction and Classification, Resource Management, Performance Prediction, and Configuration Extrapolation), End-user, Enterprise Size, and Region - Global Forecast to 2023|July 2018|/Market-Reports/intelligent-network-market-141121899.html|MarketsandMarkets forecasts the global intelligent network market to grow from USD 3.01 billion in 2018 to USD 9.99 billion by 2023, at a Compound Annual Growth Rate (CAGR) of 27.1% during the forecast period. The major factors driving the intelligent network market growth are the advent of new technologies, such as 5G, IoT and cloud, increasing the complexity of networks, growth in data volumes, and changes in traffic patterns. The key players in the intelligent network market include include Cisco Systems (US), Huawei Technologies (China), Ericsson (Sweden), Tech Mahindra Limited (India), Aruba Networks (US), Nokia Corporation (Finland), Juniper Networks (US), Colt Technology Services (UK), Netcracker Inc. (UK), Sandvine (Canada), Loom Systems (US), Aricent, Inc. (US), Ennetix, Inc (US), Aria Networks (UK), ExtraHop Networks (US), Entuity, Ltd (UK), APCON, Inc (US), Mist Systems (US), BluVector (US), Nitro Mobile Solutions, LLC (US), Netrolix LLC (US), Darktrace (UK), Flowmon Networks (Czech Republic), Balbix Inc (US), and BOCO Inter-Telecom Co. Ltd (China).
Blockchain in Telecom Market by Provider (Application Providers, Middleware Providers, and Infrastructure Providers), Application (OSS/BSS Processes, Identity Management, Connectivity Provisioning), Organization Size, and Region - Global Forecast to 2023|July 2018|/Market-Reports/blockchain-telecom-market-111971907.html|The blockchain in telecom market is expected to grow from USD 46.6 million in 2018 to USD 993.8 million by 2023, at a Compound Annual Growth Rate (CAGR) of 84.4% during the forecast period. The major driving factors in the blockchain in telecom market are increasing support for Operation Support System/Business Support System (OSS/BSS) processes, and rising security concerns among telcos. Major vendors in the blockchain in telecom market include AWS (US), Guardtime (Estonia), IBM (US), Microsoft (US), SAP (Germany), Bitfury (US), Cegeka (The Netherlands), Clear (Singapore), Reply (Italy), ShoCard (US), Abra (US), Auxesis Group (India), Blockchain Foundry (Singapore), BlockCypher (US), BLOCKO (South Korea), Blockpoint (US), Blockstream (US), Chain (US), Filament (US), Huawei (China), Oracle (US), RecordsKeeper (Spain), SpinSys (US), Sofocle (India), and TBCASoft (US)
Domain Name System (DNS) Firewall Market by Deployment Type (Cloud, On-Premises, and Virtual Appliance), End-User (DNS Providers, Domain Name Registrars, Service Providers, and Website Hosts), End-Use Vertical, and Region - Global Forecast to 2023|May 2018|/Market-Reports/dns-firewall-market-181714125.html|The global DNS firewall market is expected to grow from USD 90.5 Million in 2018 to USD 169.7 Million by 2023, at a Compound Annual Growth Rate (CAGR) of 13.4% during the forecast period. The base year considered for the study is 2017 and the forecast period is 20182023. The key players in the DNS firewall market include Cloudflare (US), BlueCat (Canada), Infoblox (US), EfficientIP (France), EonScope (US), Nominum (US), Cisco (US), F5 Networks (US), VeriSign (US), SWITCH (Switzerland), eSentire (Canada), ThreatSTOP (US), Constellix (US), and Verigio Communications (US).
Corporate Learning Management System Market by Component (Solutions (Standalone Solution and Integrated Solution) and Services), Delivery Mode, Organization Size, Deployment Type (On-premises and Cloud), Vertical, and Region - Global Forecast to 2023|May 2018|/Market-Reports/corporate-lms-market-54961312.html|MarketsandMarkets expects the global corporate Learning Management System (LMS) market size to grow from USD 2.06 Billion in 2018 to USD 7.12 Billion by 2023, at a Compound Annual Growth Rate (CAGR) of 28.2% during the forecast period. The major factors driving the corporate LMS market are continuous innovation in eLearning tools, increasing trend of BYOD and enterprise mobility, and growing emphasis on continuous learning. The key players in the corporate LMS market include include Absorb Software (Canada), Adobe Systems (US), Blackboard (US), Cornerstone OnDemand (US), CrossKnowledge (US), CYPHER LEARNING (US), D2L (Canada), Docebo (Canada), Epignosis (US), Expertus (US), G-Cube (India), Geenio (Cyprus), Growth Engineering (UK), IBM (Kenexa; US), Instructure (Bridge; US), iSpring (US), Latitude CG (US), LearnUpon (Ireland), Mindflash (US), Oracle (US), Saba Software (US), SAP (Germany), Schoology (US), SumTotal Systems (US), Tata Interactive Systems (India), and Upside Learning (UpsideLMS; India).
Hosted PBX Market by Solution, Service (Virtual Deployment & Setup, Virtual Assistance & Support, Online Charging Services, Emergency Call Routing Services, Protocol Management Services), Organization Size, Vertical, and Region - Global Forecast to 2023|April 2018|/Market-Reports/hosted-pbx-market-103518953.html|The global hosted PBX market was valued at USD 4.19 Billion in 2017 and is expected to reach USD 9.50 Billion by 2023, at a Compound Annual Growth Rate (CAGR) of 14.9% during the forecast period. The base year considered for this study is 2017, and the forecast period is 20182023. Major vendors in the hosted PBX market include Cisco Systems (US), AT&T (US), Avaya (US), BT Group (UK), Mitel Networks (Canada), 8x8 (US), Polycom (US), Comcast Business (US), MegaPath (US), CenturyLink (US), RingCentral (US), and XO Communications (US). The other players include Ozonetel (India), Nexge Technologies (India), BullsEye Telecom (US), TPx Communications (US), Telesystem (US), OneConnect (Canada), InterGlobe Communications (US), 3CX (Turkey), Star2Star Communications (US), Nextiva (US), NovoLink Communications (US), Datavo (US), and Digium (US).
Cloud Robotics Market by Component (Software and Services), Service Model (IaaS, PaaS, and SaaS), Application, Deployment Model (Public, Private, and Hybrid Cloud), End-User (Verticals and Third-Party Users), and Region - Global Forecast to 2022|February 2018|/Market-Reports/cloud-robotics-market-1035.html|MarketsandMarkets forecasts the cloud robotics market to growfrom USD 2.20 Billion in 2017 to USD 7.51 Billion by 2022, at a Compound Annual Growth Rate (CAGR) of 28.1% during the forecast period. The major factors driving the cloud robotics market growth are the proliferation of the cloud technology, broad spectrum use of wireless technologies,increase in the adoption of IoT,and advancements in AIand machine learning technologies. The key players in the cloud robotics market include Amazon Robotics (US), Google (US), Huawei (China), IBM (US), Microsoft (US), C2RO (Canada), CloudMinds (US), Hit Robot Group (US), V3 Smart Technologies (Singapore), Rapyuta Robotics (Japan), Ortelio (UK),and Tend (US).
AI in Telecommunication Market by Technology, Application (Network Optimization, Network Security, Self-diagnostics, Customer Analytics, and Virtual Assistance), Component (Solutions and Services), Deployment Mode, and Region - Global Forecast to 2022|February 2018|/Market-Reports/ai-in-telecommunications-market-130504876.html|The increasing adoption of Artificial Intelligence (AI) for various applications in the telecommunication industry and utilization of AI-enabled smartphones are expected to be driving the growth of the AI in telecommunication market. MarketsandMarkets expects the global AI in telecommunication market to grow from USD 235.7 Million in 2016 to USD 2,497.8 Million by 2022, at a Compound Annual Growth Rate (CAGR) of 46.8% during the forecast period. The base year considered for the study is 2016 and the forecast period is 20172022. The AI in telecommunication market report encompasses the competitive landscape and company profiles of the key vendors based on their product offerings and business strategies. The major AI in telecommunication vendors include IBM (US), Microsoft (US), Intel (US), Google (US), AT&T (US), Cisco Systems (US), Nuance Communications (US), Sentient Technologies (US), H2O.ai (US), Infosys (India), Salesforce (US), and NVIDIA (US).
Cloud Testing Market by Component (Testing Tools/Platforms and Services), Testing Tool/Platform (Functional Testing, API Testing), Service (Managed Services and Professional Services), Vertical, and Region - Global Forecast to 2022|February 2018|/Market-Reports/cloud-testing-market-171936250.html|The cloud testing market is expected to grow from USD 5.55 Billion in 2017 to USD 10.24 Billion by 2022, at a Compound Annual Growth Rate (CAGR) of 13.01% during the forecast period. Several factors such as the rapidly growing cloud adoption, flexible and scalable delivery model, and reduced cost of ownership are driving the cloud testing market growth. The adoption of cloud testing solutions and services is high in verticals such as retail and eCommerce; IT and telecom; Banking, Financial Services, and Insurance (BFSI); and media and entertainment; this is expected to boost the growth of the overall market. The major vendors who offer cloud testing solutions and services across the globe are IBM (US), Oracle (US), CA Technologies (US), Micro Focus (UK), SmartBear Software (US), SOASTA (US), Xamarin (US), Cygnet Infotech (India), Cavisson Systems (US), Tricentis (Austria), Cigniti (India), Cognizant (US), and Capgemini (France). These vendors have adopted various organic and inorganic growth strategies, such as new product launches, partnerships, and collaborations, to enhance their position in the cloud testing market.
Wireless Mesh Network Market by Component (Physical Appliances, Mesh Platform, Services), Mesh Design (Infrastructure and Ad-Hoc), Radio Frequency, Applications (Disaster Management, Smart Manufacturing), and Region - Global Forecast to 2022|February 2018|/Market-Reports/wireless-mesh-network-market-88410602.html|The wireless mesh network market size is expected to grow from USD 3.57 Billion in 2016 to USD 7.44 Billion by 2022, at a Compound Annual Growth Rate (CAGR) of 13.8% during the forecast period. The base year considered for the study is 2016 and the forecast period is from 2017 to 2022. Some of the major vendors in the wireless mesh network market include as Qualcomm (US), Cisco Systems (US), Aruba Networks (US), ABB (Switzerland), Qorvo (US), Synapse Wireless (US), Wirepas (Finland), Rajant Corporation (US), Strix Systems (US), Cambium Networks (US), Ruckus Wireless (US), and Firetide (US).
Web Performance Market by Solution (Web Performance Monitoring, Web Performance Optimization, and Web Performance Testing), Service, Organization Size (SMEs and Large Enterprises), Deployment Type, Vertical, and Region - Global Forecast to 2022|January 2018|/Market-Reports/web-performance-market-56461392.html|MarketsandMarkets forecasts the web performance market to grow from USD 3.50 Billion in 2017 to USD 5.45 Billion by 2022, at a Compound Annual Growth Rate (CAGR) of 9.2% during the forecast period. The major factors driving the web performance market growth are the growth of the eCommerce industry, and proliferation of images, videos, and rich media on the web. The key players in the web performance market include Akamai (US), CA Technologies (US), Cavisson (US), CDNetworks (Korea), Cloudflare (US), Dynatrace (US), F5 Networks (US), IBM (US), Micro Focus (UK), Netmagic (India), Neustar (US), New Relic (US), ThousandEyes (US), and ZenQ (US).
Cognitive Radio Market by Component (Software Tools, Hardware, and Services), Application (Spectrum Sensing, Spectrum Analysis, Spectrum Allocation, Location Tracking, and Cognitive Routing), End-User, and Region - Global Forecast to 2022|January 2018|/Market-Reports/cognitive-radio-market-219954724.html|The global cognitive radio market is expected to grow from USD 3.45 Billion in 2017 to USD 7.44 Billion by 2022, at a Compound Annual Growth Rate (CAGR) of 16.6% during the forecast period. The main driving factors for the market growth are the increasing adoption of the 5G technology and technological advancements in the wireless communication field. The major cognitive radio vendors are BAE Systems (London, UK), Raytheon Company (Massachusetts, US), Thales Group (Paris, France), Rhode & Schwarz (Munich, Germany), Spectrum Signal Processing (Burnaby, Canada), xG Technology (Florida, US), Nutaq (Quebec, Canada), Ettus Research (California, US), Shared Spectrum Company (Virginia, US), DataSoft (Arizona, US), EpiSys Science (California, US), and Kyynel (Oulu, Finland).
Telecom Order Management Market by Solution (Customer Order Management, Service Order Management, and Service Inventory Management), Service, Network Type (Wireline and Wireless), Deployment Type, and Region - Global Forecast to 2022|November 2017|/Market-Reports/telecom-order-management-market-240314507.html|The global telecom order management market accounted for USD 1.80 Billion in 2016 and projected to reach USD 3.22 Billion by 2022, at a Compound Annual Growth Rate (CAGR) of 10.4% during the forecast period. Key players in the telecom order management market include Cerillion (US), Cognizant (US), Ericsson (Sweden), IBM (US), Oracle (UK), ChikPea (US), Comarch (Poland), Fujitsu (Japan), Intellibuzz (India), Mphasis (India), Neustar (US), and Pegasystems (US).
Service Virtualization Market by Component (Software/Tools and Services), Deployment Type (On-Premises and Cloud), Service Type (Managed Services and Professional Services ), Verticals, and Regions - Global Forecast to 2022|October 2017|/Market-Reports/service-virtualization-market-239677209.html|The service virtualization market is projected to grow from USD 445.5 Million in 2017 to USD 1,040.8 Million by 2022, at an estimated Compound Annual Growth Rate (CAGR) of 18.50%. Enhanced quality of test conditions, leveraging of data integration, accelerated time to market, and increased ROI are the factors driving the growth of the service virtualization market. The major vendors in the service virtualization market are CA Technologies (US), IBM (US), Micro Focus (Formerly as HPE) (US), SmartBear Software (US), Parasoft (US), Tricentis (Austria), Cavisson Systems (US), Cigniti (India), Cognizant (US), Wipro (India), Sogeti (France), SQS (Germany), Maveric Systems (India), Prolifics (US), Axway (US), Crosscheck Networks (US), Delphix (US), Postdot Technologies (US), WireMock (UK), Solution-Soft Systems (US), Planit Testing (Australia), Tobania (Belgium), Tech Mahindra (India), ITC Infotech (India), and Capgemini (France).
Cloud VPN Market by Component (Software and Services), Connectivity Type (Site-to-Site and Remote Access), Organization Size (Large Enterprises and SMEs), End User (Service Providers and Verticals), and Region - Global Forecast to 2022|October 2017|/Market-Reports/cloud-vpn-market-99856038.html|The global Cloud VPN market size is expected to grow from USD 2.77 Billion in 2016 to USD 8.78 Billion by 2022, at a Compound Annual Growth Rate (CAGR) of 22.0% from 2017 to 2022. The base year considered for the study is 2016 and the forecast period is 20172022. Key players in the cloud VPN market include Cisco Systems (US), Microsoft (US), Google (US), NCP engineering (Germany), Huawei (China), Robustel (China), Oracle (US), Contemporary Controls (US), Virtela (US), Singtel (Singapore), and Cohesive Networks (US).
Network Transformation Market by Solution (SDN and NFV, C-RAN, Network Automation and 5G Networks), Professional Service, Managed Services (Network Monetization, Network Management, Network Testing),Vertical, and Region - Global Forecast to 2022|September 2017|/Market-Reports/network-transformation-market-158851537.html|The network transformation market size is expected to grow from USD 4.28 Billion in 2016 to USD 66.86 Billion by 2022, at a Compound Annual Growth Rate (CAGR) of 61.9% during 20172022. The base year considered for the study is 2016 and the forecast period is from 2017 to 2022. The major vendors in the network security firewall market include Cisco, Juniper Networks, HPE, Huawei, IBM, NEC, Intel, Nokia Networks, Ericsson, FUJITSU, Accenture, and Mavenir.
Policy Management in Telecom Market by Network (Fixed, Wireless), Component (Solutions, Services), Services (Professional, Managed), Deployment (Cloud, On-Premises), and Region - Global Forecast to 2022|September 2017|/Market-Reports/policy-management-in-telecom-market-62186207.html|The policy management in telecom market is estimated to grow from USD 953.6 Million in 2017 to USD 1,617.1 Million by 2022, at a CAGR of 11.1% from 2017 to 2022. The market is primarily driven by the increasing adoption of tailored policy management solutions by telecom operators across the globe. Moreover, the rise in the demand for innovation in the telecom industry is also contributing to the growth of the policy management in telecom market. Major players in policy management in telecom market Ericsson (Sweden), Huawei (China), Nokia (Finland), Oracle (US), Amdocs (US), Netcracker Technology (UK), CSG International (US), ZTE (China), Cisco (US), Redknee (Canada), and Openet (Ireland).
